{
    "packages": [
        {
            "name": "elasticsearch/elasticsearch",
            "version": "v7.15.0",
            "version_normalized": "7.15.0.0",
            "source": {
                "type": "git",
                "url": "https://github.com/elastic/elasticsearch-php.git",
                "reference": "77a4ade87aef8e8e6b84bafb6704cd35ac15742a"
            },
            "dist": {
                "type": "zip",
                "url": "https://api.github.com/repos/elastic/elasticsearch-php/zipball/77a4ade87aef8e8e6b84bafb6704cd35ac15742a",
                "reference": "77a4ade87aef8e8e6b84bafb6704cd35ac15742a",
                "shasum": ""
            },
            "require": {
                "ext-json": ">=1.3.7",
                "ezimuel/ringphp": "^1.1.2",
                "php": "^7.3 || ^8.0",
                "psr/log": "^1|^2"
            },
            "require-dev": {
                "ext-yaml": "*",
                "ext-zip": "*",
                "mockery/mockery": "^1.2",
                "phpstan/phpstan": "^0.12",
                "phpunit/phpunit": "^9.3",
                "squizlabs/php_codesniffer": "^3.4",
                "symfony/finder": "~4.0"
            },
            "suggest": {
                "ext-curl": "*",
                "monolog/monolog": "Allows for client-level logging and tracing"
            },
            "time": "2021-09-23T07:05:35+00:00",
            "type": "library",
            "installation-source": "dist",
            "autoload": {
                "files": [
                    "src/autoload.php"
                ],
                "psr-4": {
                    "Elasticsearch\\": "src/Elasticsearch/"
                }
            },
            "notification-url": "https://packagist.org/downloads/",
            "license": [
                "Apache-2.0"
            ],
            "authors": [
                {
                    "name": "Zachary Tong"
                },
                {
                    "name": "Enrico Zimuel"
                }
            ],
            "description": "PHP Client for Elasticsearch",
            "keywords": [
                "client",
                "elasticsearch",
                "search"
            ],
            "support": {
                "issues": "https://github.com/elastic/elasticsearch-php/issues",
                "source": "https://github.com/elastic/elasticsearch-php/tree/v7.15.0"
            },
            "install-path": "../elasticsearch/elasticsearch"
        },
        {
            "name": "ezimuel/guzzlestreams",
            "version": "3.0.1",
            "version_normalized": "3.0.1.0",
            "source": {
                "type": "git",
                "url": "https://github.com/ezimuel/guzzlestreams.git",
                "reference": "abe3791d231167f14eb80d413420d1eab91163a8"
            },
            "dist": {
                "type": "zip",
                "url": "https://api.github.com/repos/ezimuel/guzzlestreams/zipball/abe3791d231167f14eb80d413420d1eab91163a8",
                "reference": "abe3791d231167f14eb80d413420d1eab91163a8",
                "shasum": ""
            },
            "require": {
                "php": ">=5.4.0"
            },
            "require-dev": {
                "phpunit/phpunit": "~4.0"
            },
            "time": "2020-02-14T23:11:50+00:00",
            "type": "library",
            "extra": {
                "branch-alias": {
                    "dev-master": "3.0-dev"
                }
            },
            "installation-source": "dist",
            "autoload": {
                "psr-4": {
                    "GuzzleHttp\\Stream\\": "src/"
                }
            },
            "notification-url": "https://packagist.org/downloads/",
            "license": [
                "MIT"
            ],
            "authors": [
                {
                    "name": "Michael Dowling",
                    "email": "mtdowling@gmail.com",
                    "homepage": "https://github.com/mtdowling"
                }
            ],
            "description": "Fork of guzzle/streams (abandoned) to be used with elasticsearch-php",
            "homepage": "http://guzzlephp.org/",
            "keywords": [
                "Guzzle",
                "stream"
            ],
            "support": {
                "source": "https://github.com/ezimuel/guzzlestreams/tree/3.0.1"
            },
            "install-path": "../ezimuel/guzzlestreams"
        },
        {
            "name": "ezimuel/ringphp",
            "version": "1.1.2",
            "version_normalized": "1.1.2.0",
            "source": {
                "type": "git",
                "url": "https://github.com/ezimuel/ringphp.git",
                "reference": "0b78f89d8e0bb9e380046c31adfa40347e9f663b"
            },
            "dist": {
                "type": "zip",
                "url": "https://api.github.com/repos/ezimuel/ringphp/zipball/0b78f89d8e0bb9e380046c31adfa40347e9f663b",
                "reference": "0b78f89d8e0bb9e380046c31adfa40347e9f663b",
                "shasum": ""
            },
            "require": {
                "ezimuel/guzzlestreams": "^3.0.1",
                "php": ">=5.4.0",
                "react/promise": "~2.0"
            },
            "require-dev": {
                "ext-curl": "*",
                "phpunit/phpunit": "~4.0"
            },
            "suggest": {
                "ext-curl": "Guzzle will use specific adapters if cURL is present"
            },
            "time": "2020-02-14T23:51:21+00:00",
            "type": "library",
            "extra": {
                "branch-alias": {
                    "dev-master": "1.1-dev"
                }
            },
            "installation-source": "dist",
            "autoload": {
                "psr-4": {
                    "GuzzleHttp\\Ring\\": "src/"
                }
            },
            "notification-url": "https://packagist.org/downloads/",
            "license": [
                "MIT"
            ],
            "authors": [
                {
                    "name": "Michael Dowling",
                    "email": "mtdowling@gmail.com",
                    "homepage": "https://github.com/mtdowling"
                }
            ],
            "description": "Fork of guzzle/RingPHP (abandoned) to be used with elasticsearch-php",
            "support": {
                "source": "https://github.com/ezimuel/ringphp/tree/1.1.2"
            },
            "install-path": "../ezimuel/ringphp"
        },
        {
            "name": "psr/log",
            "version": "1.1.4",
            "version_normalized": "1.1.4.0",
            "source": {
                "type": "git",
                "url": "https://github.com/php-fig/log.git",
                "reference": "d49695b909c3b7628b6289db5479a1c204601f11"
            },
            "dist": {
                "type": "zip",
                "url": "https://api.github.com/repos/php-fig/log/zipball/d49695b909c3b7628b6289db5479a1c204601f11",
                "reference": "d49695b909c3b7628b6289db5479a1c204601f11",
                "shasum": ""
            },
            "require": {
                "php": ">=5.3.0"
            },
            "time": "2021-05-03T11:20:27+00:00",
            "type": "library",
            "extra": {
                "branch-alias": {
                    "dev-master": "1.1.x-dev"
                }
            },
            "installation-source": "dist",
            "autoload": {
                "psr-4": {
                    "Psr\\Log\\": "Psr/Log/"
                }
            },
            "notification-url": "https://packagist.org/downloads/",
            "license": [
                "MIT"
            ],
            "authors": [
                {
                    "name": "PHP-FIG",
                    "homepage": "https://www.php-fig.org/"
                }
            ],
            "description": "Common interface for logging libraries",
            "homepage": "https://github.com/php-fig/log",
            "keywords": [
                "log",
                "psr",
                "psr-3"
            ],
            "support": {
                "source": "https://github.com/php-fig/log/tree/1.1.4"
            },
            "install-path": "../psr/log"
        },
        {
            "name": "react/promise",
            "version": "v2.8.0",
            "version_normalized": "2.8.0.0",
            "source": {
                "type": "git",
                "url": "https://github.com/reactphp/promise.git",
                "reference": "f3cff96a19736714524ca0dd1d4130de73dbbbc4"
            },
            "dist": {
                "type": "zip",
                "url": "https://api.github.com/repos/reactphp/promise/zipball/f3cff96a19736714524ca0dd1d4130de73dbbbc4",
                "reference": "f3cff96a19736714524ca0dd1d4130de73dbbbc4",
                "shasum": ""
            },
            "require": {
                "php": ">=5.4.0"
            },
            "require-dev": {
                "phpunit/phpunit": "^7.0 || ^6.5 || ^5.7 || ^4.8.36"
            },
            "time": "2020-05-12T15:16:56+00:00",
            "type": "library",
            "installation-source": "dist",
            "autoload": {
                "psr-4": {
                    "React\\Promise\\": "src/"
                },
                "files": [
                    "src/functions_include.php"
                ]
            },
            "notification-url": "https://packagist.org/downloads/",
            "license": [
                "MIT"
            ],
            "authors": [
                {
                    "name": "Jan Sorgalla",
                    "email": "jsorgalla@gmail.com"
                }
            ],
            "description": "A lightweight implementation of CommonJS Promises/A for PHP",
            "keywords": [
                "promise",
                "promises"
            ],
            "support": {
                "issues": "https://github.com/reactphp/promise/issues",
                "source": "https://github.com/reactphp/promise/tree/v2.8.0"
            },
            "install-path": "../react/promise"
        }
    ],
    "dev": true,
    "dev-package-names": []
}
